{
	"info": {
		"_postman_id": "ff025f85-17e7-4b1a-87a3-2ac46725d753",
		"name": "API Task",
		"schema": "https://schema.getpostman.com/json/collection/v2.1.0/collection.json",
		"_exporter_id": "9508485"
	},
	"item": [
		{
			"name": "Login & Register",
			"item": [
				{
					"name": "Register",
					"request": {
						"method": "POST",
						"header": [],
						"body": {
							"mode": "raw",
							"raw": "{\r\n    \"username\": \"bernando4\",\r\n    \"password\": \"B3rnando\",\r\n    \"name\": \"Ben\"\r\n}",
							"options": {
								"raw": {
									"language": "json"
								}
							}
						},
						"url": {
							"raw": "{{URL}}/register",
							"host": [
								"{{URL}}"
							],
							"path": [
								"register"
							]
						}
					},
					"response": []
				},
				{
					"name": "Login",
					"event": [
						{
							"listen": "test",
							"script": {
								"exec": [
									"const json = pm.response.json();\r",
									"\r",
									"pm.environment.set('token', json.data.token);"
								],
								"type": "text/javascript"
							}
						}
					],
					"request": {
						"method": "POST",
						"header": [],
						"body": {
							"mode": "raw",
							"raw": "{\r\n    \"username\": \"bernando\",\r\n    \"password\": \"B3rnando\"\r\n}",
							"options": {
								"raw": {
									"language": "json"
								}
							}
						},
						"url": {
							"raw": "{{URL}}/login",
							"host": [
								"{{URL}}"
							],
							"path": [
								"login"
							]
						}
					},
					"response": []
				},
				{
					"name": "Refresh Token",
					"event": [
						{
							"listen": "test",
							"script": {
								"exec": [
									"const json = pm.response.json();\r",
									"\r",
									"pm.environment.set('token', json.data.token);"
								],
								"type": "text/javascript"
							}
						}
					],
					"request": {
						"method": "POST",
						"header": [],
						"url": {
							"raw": "{{URL}}/refresh?token={{token}}",
							"host": [
								"{{URL}}"
							],
							"path": [
								"refresh"
							],
							"query": [
								{
									"key": "token",
									"value": "{{token}}"
								}
							]
						}
					},
					"response": []
				}
			]
		},
		{
			"name": "With Auth",
			"item": [
				{
					"name": "All Tasks",
					"request": {
						"auth": {
							"type": "bearer",
							"bearer": [
								{
									"key": "token",
									"value": "{{token}}",
									"type": "string"
								}
							]
						},
						"method": "GET",
						"header": [],
						"url": {
							"raw": "{{URL}}/task",
							"host": [
								"{{URL}}"
							],
							"path": [
								"task"
							]
						}
					},
					"response": []
				},
				{
					"name": "Insert Task",
					"request": {
						"auth": {
							"type": "bearer",
							"bearer": [
								{
									"key": "token",
									"value": "{{token}}",
									"type": "string"
								}
							]
						},
						"method": "POST",
						"header": [],
						"body": {
							"mode": "raw",
							"raw": "{\r\n    \"task_name\": \"task\"\r\n}",
							"options": {
								"raw": {
									"language": "json"
								}
							}
						},
						"url": {
							"raw": "{{URL}}/task",
							"host": [
								"{{URL}}"
							],
							"path": [
								"task"
							]
						}
					},
					"response": []
				},
				{
					"name": "Get Task By ID",
					"request": {
						"auth": {
							"type": "bearer",
							"bearer": [
								{
									"key": "token",
									"value": "{{token}}",
									"type": "string"
								}
							]
						},
						"method": "GET",
						"header": [],
						"url": {
							"raw": "{{URL}}/task/get/3",
							"host": [
								"{{URL}}"
							],
							"path": [
								"task",
								"get",
								"3"
							]
						}
					},
					"response": []
				},
				{
					"name": "Get Task By User",
					"request": {
						"auth": {
							"type": "bearer",
							"bearer": [
								{
									"key": "token",
									"value": "{{token}}",
									"type": "string"
								}
							]
						},
						"method": "GET",
						"header": [],
						"url": {
							"raw": "{{URL}}/task/user",
							"host": [
								"{{URL}}"
							],
							"path": [
								"task",
								"user"
							]
						}
					},
					"response": []
				},
				{
					"name": "Update Task",
					"request": {
						"auth": {
							"type": "bearer",
							"bearer": [
								{
									"key": "token",
									"value": "{{token}}",
									"type": "string"
								}
							]
						},
						"method": "PUT",
						"header": [],
						"body": {
							"mode": "raw",
							"raw": "{\r\n    \"task_name\": \"task\",\r\n    \"status\": \"1\"\r\n}",
							"options": {
								"raw": {
									"language": "json"
								}
							}
						},
						"url": {
							"raw": "{{URL}}/task/4",
							"host": [
								"{{URL}}"
							],
							"path": [
								"task",
								"4"
							]
						}
					},
					"response": []
				},
				{
					"name": "Delete Task By ID",
					"request": {
						"auth": {
							"type": "bearer",
							"bearer": [
								{
									"key": "token",
									"value": "{{token}}",
									"type": "string"
								}
							]
						},
						"method": "DELETE",
						"header": [],
						"url": {
							"raw": "{{URL}}/task/1",
							"host": [
								"{{URL}}"
							],
							"path": [
								"task",
								"1"
							]
						}
					},
					"response": []
				}
			]
		}
	]
}